level,chamber,name,Total population,Population under age 18,Percent under age 18,Population ages 18+,Percent ages 18+,Population ages 65+,Percent ages 65+,Latino population,Percent Latino,White population,Percent white,Black population,Percent black,Other race population,Percent other race,Foreign-born population,Percent foreign-born,Total households,Owner-occupied households,Homeownership rate,Cost-burdened households,Cost-burden rate,Poverty status known,Population in poverty,Poverty rate,Low-income population,Low-income rate,"Under 18, poverty status known",Children in poverty,Child poverty rate,Low-income children,Child low-income rate,"Ages 65+, poverty status known",Seniors in poverty,Senior poverty rate,Low-income seniors,Senior low-income rate
state,state,Connecticut,3581504,752625,0.21,2828879,0.79,587580,0.16,561791,0.16,2418696,0.68,351817,0.1,249200,0.07,513646,0.14,1367374,907134,0.66,484571,0.36,3474901,348449,0.1,796272,0.23,743194,100097,0.13,222157,0.3,566635,41393,0.07,124153,0.22
district,house,H001,22560,4629,0.21,17931,0.79,2987,0.13,5305,0.24,4239,0.19,11078,0.49,1938,0.09,5367,0.24,10147,1709,0.17,4954,0.51,22295,7452,0.33,12553,0.56,4591,2110,0.46,3352,0.73,2901,710,0.24,1596,0.55
district,house,H002,24540,5430,0.22,19110,0.78,3699,0.15,2198,0.09,19951,0.81,940,0.04,1451,0.06,3432,0.14,9288,7371,0.79,3109,0.34,24209,972,0.04,3212,0.13,5099,214,0.04,826,0.16,3699,163,0.04,479,0.13
district,house,H003,21334,5563,0.26,15771,0.74,2106,0.1,12937,0.61,2698,0.13,4742,0.22,957,0.04,4101,0.19,7818,1518,0.19,4061,0.54,21119,6701,0.32,12848,0.61,5473,2259,0.41,4130,0.75,2048,721,0.35,1429,0.7
district,house,H004,23735,5021,0.21,18714,0.79,2178,0.09,13259,0.56,4190,0.18,4234,0.18,2052,0.09,4678,0.2,8974,1093,0.12,4753,0.54,21569,8006,0.37,12799,0.59,4949,2258,0.46,3623,0.73,2116,674,0.32,1243,0.59
district,house,H005,23932,6105,0.26,17827,0.74,3109,0.13,4955,0.21,4526,0.19,13689,0.57,762,0.03,4298,0.18,7822,4709,0.6,3491,0.46,22657,4523,0.2,8977,0.4,6026,1974,0.33,3271,0.54,2861,258,0.09,901,0.31
district,house,H006,23473,5905,0.25,17568,0.75,2714,0.12,14406,0.61,3785,0.16,3949,0.17,1333,0.06,6054,0.26,8087,3403,0.42,4054,0.51,23178,4665,0.2,10398,0.45,5835,1631,0.28,3512,0.6,2504,467,0.19,936,0.37
district,house,H007,22155,5011,0.23,17144,0.77,2488,0.11,5432,0.25,2772,0.13,12944,0.58,1007,0.05,4868,0.22,7691,2516,0.33,3634,0.49,19533,4660,0.24,10504,0.54,4946,1689,0.34,3809,0.77,2488,465,0.19,1077,0.43
district,house,H008,23282,4568,0.2,18714,0.8,4175,0.18,1123,0.05,21395,0.92,150,0.01,614,0.03,1043,0.04,9039,8251,0.91,1941,0.22,23275,729,0.03,2491,0.11,4561,127,0.03,527,0.12,4175,69,0.02,463,0.11
district,house,H009,24273,5141,0.21,19132,0.79,3624,0.15,4756,0.2,11492,0.47,4777,0.2,3248,0.13,5120,0.21,9343,6151,0.66,3218,0.35,23834,2747,0.12,5912,0.25,5049,777,0.15,1674,0.33,3321,299,0.09,765,0.23
district,house,H010,23253,4948,0.21,18305,0.79,3821,0.16,7573,0.33,8620,0.37,5688,0.24,1372,0.06,5124,0.22,9111,5080,0.56,3771,0.42,22763,3625,0.16,7854,0.35,4688,1185,0.25,2456,0.52,3631,672,0.19,1207,0.33
district,house,H011,24635,5239,0.21,19396,0.79,2497,0.1,7766,0.32,8289,0.34,4389,0.18,4191,0.17,6500,0.26,9520,4376,0.46,3556,0.38,24572,2377,0.1,7301,0.3,5181,435,0.08,2129,0.41,2497,254,0.1,563,0.23
district,house,H012,24750,5134,0.21,19616,0.79,3483,0.14,3616,0.15,15122,0.61,3217,0.13,2795,0.11,3293,0.13,10339,6429,0.62,3376,0.33,24512,2120,0.09,5038,0.21,5032,574,0.11,1439,0.29,3365,186,0.06,659,0.2
district,house,H013,23389,5029,0.22,18360,0.78,4070,0.17,3124,0.13,15969,0.68,2223,0.1,2073,0.09,2933,0.13,9486,6178,0.65,3110,0.34,23149,2406,0.1,5818,0.25,4934,714,0.14,1774,0.36,3942,271,0.07,681,0.17
district,house,H014,24110,5503,0.23,18607,0.77,4213,0.17,1599,0.07,18727,0.78,613,0.03,3171,0.13,3333,0.14,9178,7649,0.83,2636,0.29,24036,1173,0.05,2742,0.11,5450,256,0.05,466,0.09,4199,294,0.07,846,0.2
district,house,H015,23596,3500,0.15,20096,0.85,6020,0.26,1775,0.08,7770,0.33,12785,0.54,1266,0.05,5027,0.21,9665,7129,0.74,3370,0.36,23118,1433,0.06,3739,0.16,3463,198,0.06,780,0.23,5711,381,0.07,1153,0.2
district,house,H016,24519,5834,0.24,18685,0.76,4219,0.17,1258,0.05,21633,0.88,420,0.02,1208,0.05,2278,0.09,9279,7537,0.81,2486,0.27,24284,1001,0.04,2452,0.1,5763,168,0.03,383,0.07,4094,129,0.03,678,0.17
district,house,H017,23638,5906,0.25,17732,0.75,4482,0.19,1254,0.05,19759,0.84,311,0.01,2314,0.1,2545,0.11,8690,7557,0.87,2327,0.27,23344,786,0.03,1849,0.08,5876,124,0.02,382,0.07,4252,165,0.04,584,0.14
district,house,H018,22834,4682,0.21,18152,0.79,4991,0.22,1789,0.08,18116,0.79,1453,0.06,1476,0.06,3313,0.15,8990,5614,0.62,2722,0.32,21340,1955,0.09,3562,0.17,4615,497,0.11,805,0.17,4371,536,0.12,1138,0.26
district,house,H019,24279,5982,0.25,18297,0.75,4646,0.19,1011,0.04,19776,0.81,576,0.02,2916,0.12,3821,0.16,9528,7943,0.83,2622,0.28,24195,1044,0.04,2157,0.09,5950,331,0.06,574,0.1,4646,190,0.04,589,0.13
district,house,H020,22527,4779,0.21,17748,0.79,3243,0.14,4164,0.18,13438,0.6,1734,0.08,3191,0.14,4801,0.21,8973,6149,0.69,3013,0.34,22454,1848,0.08,5353,0.24,4707,609,0.13,1640,0.35,3243,202,0.06,670,0.21
district,house,H021,24039,4976,0.21,19063,0.79,4623,0.19,1271,0.05,19127,0.8,454,0.02,3187,0.13,4930,0.21,9809,6977,0.71,2736,0.29,23833,1687,0.07,3444,0.14,4974,305,0.06,749,0.15,4461,328,0.07,898,0.2
district,house,H022,22652,4345,0.19,18307,0.81,3866,0.17,3983,0.18,16417,0.72,948,0.04,1304,0.06,2825,0.12,9595,6428,0.67,3325,0.35,22339,2436,0.11,5754,0.26,4274,892,0.21,1659,0.39,3771,258,0.07,987,0.26
district,house,H023,23010,3812,0.17,19198,0.83,6332,0.28,980,0.04,20907,0.91,193,0.01,930,0.04,1862,0.08,10093,8166,0.81,3258,0.33,22855,1047,0.05,3511,0.15,3774,96,0.03,750,0.2,6247,249,0.04,945,0.15
district,house,H024,22986,5115,0.22,17871,0.78,3626,0.16,7056,0.31,11486,0.5,3167,0.14,1277,0.06,4530,0.2,8723,4937,0.57,3417,0.4,22660,3124,0.14,7209,0.32,5072,1203,0.24,2510,0.49,3399,299,0.09,956,0.28
district,house,H025,23422,6363,0.27,17059,0.73,2151,0.09,14119,0.6,5272,0.23,3100,0.13,931,0.04,2765,0.12,9680,1991,0.21,4821,0.52,23366,7352,0.31,14219,0.61,6307,2510,0.4,4995,0.79,2151,562,0.26,1247,0.58
district,house,H026,25009,4596,0.18,20413,0.82,3815,0.15,6911,0.28,14497,0.58,1739,0.07,1862,0.07,6804,0.27,9597,4783,0.5,3217,0.37,22926,4083,0.18,7845,0.34,4577,1217,0.27,2376,0.52,3608,340,0.09,979,0.27
district,house,H027,24602,4541,0.18,20061,0.82,5085,0.21,2567,0.1,18940,0.77,1096,0.04,1999,0.08,4429,0.18,10013,8004,0.8,2821,0.29,24401,1100,0.05,4054,0.17,4518,252,0.06,954,0.21,4922,377,0.08,1225,0.25
district,house,H028,23952,4727,0.2,19225,0.8,4721,0.2,2379,0.1,19078,0.8,835,0.03,1660,0.07,3816,0.16,9700,7884,0.81,3052,0.32,23935,1085,0.05,3428,0.14,4711,195,0.04,783,0.17,4721,323,0.07,1037,0.22
district,house,H029,24663,4313,0.17,20350,0.83,5201,0.21,923,0.04,17900,0.73,1428,0.06,4412,0.18,5556,0.23,10633,6679,0.63,2909,0.28,24378,1092,0.04,3220,0.13,4292,66,0.02,480,0.11,4987,329,0.07,1206,0.24
district,house,H030,26117,5628,0.22,20489,0.78,5317,0.2,1326,0.05,23699,0.91,140,0.01,952,0.04,2806,0.11,10181,8665,0.85,2742,0.27,26049,1099,0.04,3128,0.12,5595,348,0.06,888,0.16,5293,225,0.04,939,0.18
district,house,H031,24399,5725,0.23,18674,0.77,4206,0.17,837,0.03,20934,0.86,340,0.01,2288,0.09,2366,0.1,9434,8108,0.86,2225,0.24,24295,587,0.02,1639,0.07,5711,69,0.01,174,0.03,4138,168,0.04,572,0.14
district,house,H032,23335,4908,0.21,18427,0.79,4334,0.19,1557,0.07,20170,0.86,877,0.04,731,0.03,1323,0.06,9661,7659,0.79,2612,0.28,22944,1184,0.05,3422,0.15,4898,348,0.07,878,0.18,4016,166,0.04,827,0.21
district,house,H033,23906,3646,0.15,20260,0.85,2897,0.12,2118,0.09,16366,0.68,2806,0.12,2616,0.11,3438,0.14,9550,4896,0.51,2669,0.29,20451,1696,0.08,3609,0.18,3601,330,0.09,762,0.21,2739,260,0.09,661,0.24
district,house,H034,23159,4421,0.19,18738,0.81,3893,0.17,788,0.03,21280,0.92,230,0.01,861,0.04,1338,0.06,9099,7814,0.86,2533,0.28,22931,1103,0.05,3103,0.14,4369,254,0.06,545,0.12,3774,128,0.03,680,0.18
district,house,H035,23302,4303,0.18,18999,0.82,4707,0.2,1475,0.06,21194,0.91,140,0.01,493,0.02,1559,0.07,9352,7700,0.82,3240,0.36,23220,1326,0.06,3633,0.16,4254,301,0.07,791,0.19,4681,154,0.03,687,0.15
district,house,H036,23627,4443,0.19,19184,0.81,5731,0.24,796,0.03,21619,0.92,436,0.02,776,0.03,1352,0.06,9831,7676,0.78,3045,0.32,23290,1187,0.05,3567,0.15,4353,191,0.04,630,0.14,5538,253,0.05,929,0.17
district,house,H037,22892,4080,0.18,18812,0.82,4940,0.22,1381,0.06,19059,0.83,858,0.04,1594,0.07,1666,0.07,8891,7170,0.81,2514,0.29,21036,1211,0.06,2700,0.13,4012,359,0.09,656,0.16,4774,219,0.05,728,0.15
district,house,H038,23343,4294,0.18,19049,0.82,5323,0.23,1322,0.06,20216,0.87,635,0.03,1170,0.05,1417,0.06,9506,7946,0.84,2614,0.28,22843,1587,0.07,3785,0.17,4196,331,0.08,825,0.2,5024,276,0.05,844,0.17
district,house,H039,23140,4467,0.19,18673,0.81,2198,0.09,8798,0.38,9113,0.39,3330,0.14,1899,0.08,4057,0.18,9173,2730,0.3,4647,0.53,19797,6590,0.33,10742,0.54,4448,2276,0.51,3382,0.76,2002,414,0.21,811,0.41
district,house,H040,23537,4891,0.21,18646,0.79,2419,0.1,3135,0.13,16555,0.7,1765,0.07,2082,0.09,1658,0.07,8570,4174,0.49,3176,0.38,20593,1635,0.08,5090,0.25,4796,524,0.11,1691,0.35,2319,97,0.04,407,0.18
district,house,H041,21437,3734,0.17,17703,0.83,4349,0.2,2859,0.13,15410,0.72,1194,0.06,1974,0.09,1993,0.09,9771,5301,0.54,3406,0.36,20749,2232,0.11,4906,0.24,3730,998,0.27,1489,0.4,4149,236,0.06,913,0.22
district,house,H042,23890,4842,0.2,19048,0.8,3427,0.14,1439,0.06,18592,0.78,976,0.04,2883,0.12,1769,0.07,8772,7078,0.81,2077,0.24,22328,1247,0.06,3893,0.17,4777,385,0.08,1217,0.25,3393,140,0.04,602,0.18
district,house,H043,23678,4359,0.18,19319,0.82,5517,0.23,850,0.04,21283,0.9,301,0.01,1244,0.05,1093,0.05,10138,7681,0.76,3111,0.31,23365,1736,0.07,3999,0.17,4322,592,0.14,1088,0.25,5355,215,0.04,849,0.16
district,house,H044,24509,5503,0.22,19006,0.78,3878,0.16,1314,0.05,21368,0.87,421,0.02,1406,0.06,1009,0.04,9378,6400,0.68,3175,0.35,24170,2454,0.1,5708,0.24,5353,521,0.1,1679,0.31,3705,382,0.1,1042,0.28
district,house,H045,23036,5024,0.22,18012,0.78,3743,0.16,525,0.02,20651,0.9,425,0.02,1435,0.06,1004,0.04,9083,6920,0.76,2621,0.3,22770,1754,0.08,5356,0.24,4926,540,0.11,1435,0.29,3590,160,0.04,906,0.25
district,house,H046,24446,5444,0.22,19002,0.78,3351,0.14,4761,0.19,13004,0.53,2708,0.11,3973,0.16,4019,0.16,9864,4539,0.46,3723,0.39,24278,3357,0.14,8329,0.34,5385,1058,0.2,2461,0.46,3265,265,0.08,1202,0.37
district,house,H047,23912,4506,0.19,19406,0.81,4481,0.19,797,0.03,21699,0.91,227,0.01,1189,0.05,837,0.04,9267,7836,0.85,2366,0.26,23785,1192,0.05,3699,0.16,4485,228,0.05,1039,0.23,4396,190,0.04,750,0.17
district,house,H048,22790,4872,0.21,17918,0.79,3464,0.15,1015,0.04,20283,0.89,490,0.02,1002,0.04,972,0.04,8767,6877,0.78,2382,0.28,22568,1534,0.07,3383,0.15,4830,457,0.09,899,0.19,3302,194,0.06,531,0.16
district,house,H049,23879,4930,0.21,18949,0.79,2895,0.12,9991,0.42,11861,0.5,1027,0.04,1000,0.04,2609,0.11,8125,3822,0.47,3793,0.47,20437,5221,0.26,10241,0.5,4872,1744,0.36,3376,0.69,2597,242,0.09,644,0.25
district,house,H050,22823,4522,0.2,18301,0.8,4100,0.18,566,0.02,21435,0.94,207,0.01,615,0.03,831,0.04,8892,7194,0.81,2471,0.28,21970,1240,0.06,3084,0.14,4358,214,0.05,580,0.13,4021,259,0.06,723,0.18
district,house,H051,23108,4443,0.19,18665,0.81,3757,0.16,524,0.02,21837,0.94,61,0,686,0.03,706,0.03,9265,6533,0.71,2561,0.28,22641,1545,0.07,4885,0.22,4309,464,0.11,1373,0.32,3525,259,0.07,1066,0.3
district,house,H052,23027,4069,0.18,18958,0.82,4054,0.18,1066,0.05,20407,0.89,821,0.04,733,0.03,865,0.04,8128,6489,0.8,2324,0.29,20921,991,0.05,3246,0.16,3956,185,0.05,773,0.2,3795,161,0.04,603,0.16
district,house,H053,23926,4817,0.2,19109,0.8,3334,0.14,921,0.04,21514,0.9,166,0.01,1325,0.06,1490,0.06,9050,7342,0.81,2172,0.25,23754,1533,0.06,3488,0.15,4777,219,0.05,527,0.11,3211,139,0.04,529,0.16
district,house,H054,23344,1588,0.07,21756,0.93,1696,0.07,1156,0.05,18179,0.78,932,0.04,3077,0.13,2609,0.11,4589,2317,0.5,2145,0.48,10625,2702,0.25,4297,0.4,1473,101,0.07,355,0.24,1605,69,0.04,269,0.17
district,house,H055,24067,5204,0.22,18863,0.78,3931,0.16,799,0.03,22471,0.93,219,0.01,578,0.02,1153,0.05,8864,8120,0.92,2082,0.24,23921,726,0.03,2082,0.09,5169,88,0.02,477,0.09,3823,117,0.03,436,0.11
district,house,H056,24704,4656,0.19,20048,0.81,4132,0.17,2470,0.1,17986,0.73,1685,0.07,2563,0.1,2647,0.11,11266,5087,0.45,4372,0.39,24369,2476,0.1,7400,0.3,4598,491,0.11,1833,0.4,3859,352,0.09,990,0.26
district,house,H057,24521,5378,0.22,19143,0.78,3417,0.14,1447,0.06,20357,0.83,1036,0.04,1681,0.07,2032,0.08,10442,6966,0.67,3015,0.29,24487,1311,0.05,3562,0.15,5345,455,0.09,857,0.16,3417,168,0.05,760,0.22
district,house,H058,24094,4866,0.2,19228,0.8,4110,0.17,2658,0.11,18241,0.76,1533,0.06,1662,0.07,2074,0.09,9844,6398,0.65,3151,0.33,23824,2861,0.12,6508,0.27,4811,961,0.2,1868,0.39,3946,165,0.04,771,0.2
district,house,H059,23260,3887,0.17,19373,0.83,3532,0.15,1896,0.08,18285,0.79,1583,0.07,1496,0.06,1393,0.06,8129,7009,0.86,1852,0.23,19960,622,0.03,2646,0.13,3791,104,0.03,622,0.16,3220,159,0.05,655,0.2
district,house,H060,23004,4473,0.19,18531,0.81,4277,0.19,1543,0.07,16488,0.72,2798,0.12,2175,0.09,3075,0.13,9374,7199,0.77,2837,0.31,22850,1446,0.06,3589,0.16,4440,336,0.08,856,0.19,4199,198,0.05,648,0.15
district,house,H061,23239,4649,0.2,18590,0.8,3835,0.17,1562,0.07,18454,0.79,2058,0.09,1165,0.05,1535,0.07,8168,7027,0.86,2029,0.25,20870,622,0.03,1716,0.08,4560,93,0.02,356,0.08,3632,83,0.02,435,0.12
district,house,H062,23772,5250,0.22,18522,0.78,4196,0.18,407,0.02,22542,0.95,109,0,714,0.03,1006,0.04,8937,8059,0.9,2002,0.23,23644,693,0.03,2087,0.09,5209,125,0.02,354,0.07,4109,131,0.03,503,0.12
district,house,H063,22023,3674,0.17,18349,0.83,4352,0.2,646,0.03,20225,0.92,242,0.01,910,0.04,1224,0.06,9194,7104,0.77,2817,0.31,21833,2401,0.11,4758,0.22,3636,383,0.11,832,0.23,4247,365,0.09,934,0.22
district,house,H064,22106,3949,0.18,18157,0.82,5957,0.27,941,0.04,19940,0.9,491,0.02,734,0.03,1696,0.08,9365,7372,0.79,2779,0.31,21487,1570,0.07,3745,0.17,3794,343,0.09,825,0.22,5701,219,0.04,948,0.17
district,house,H065,22306,4328,0.19,17978,0.81,3873,0.17,3517,0.16,17157,0.77,717,0.03,915,0.04,2837,0.13,9360,5208,0.56,3423,0.37,21815,2803,0.13,7188,0.33,4210,656,0.16,1909,0.45,3612,340,0.09,1151,0.32
district,house,H066,22520,4439,0.2,18081,0.8,5110,0.23,908,0.04,20569,0.91,166,0.01,877,0.04,1359,0.06,9410,7337,0.78,3085,0.34,22352,1124,0.05,3352,0.15,4353,279,0.06,731,0.17,5046,295,0.06,1034,0.2
district,house,H067,22822,4435,0.19,18387,0.81,3647,0.16,1891,0.08,19622,0.86,242,0.01,1067,0.05,2440,0.11,8810,6930,0.79,2993,0.35,22558,959,0.04,3490,0.15,4336,211,0.05,627,0.14,3489,123,0.04,714,0.2
district,house,H068,22795,4376,0.19,18419,0.81,4307,0.19,1088,0.05,20730,0.91,430,0.02,547,0.02,2339,0.1,8861,7165,0.81,2670,0.31,22728,1281,0.06,3361,0.15,4376,268,0.06,614,0.14,4244,468,0.11,1181,0.28
district,house,H069,24003,4258,0.18,19745,0.82,7490,0.31,982,0.04,21836,0.91,353,0.01,832,0.03,1624,0.07,9984,8431,0.84,3457,0.36,23594,1451,0.06,3178,0.13,4164,264,0.06,514,0.12,7277,585,0.08,1476,0.2
district,house,H070,23494,5150,0.22,18344,0.78,3334,0.14,2628,0.11,17622,0.75,1703,0.07,1541,0.07,3052,0.13,8573,6265,0.73,2629,0.31,23461,1907,0.08,4719,0.2,5117,471,0.09,1502,0.29,3334,216,0.06,547,0.16
district,house,H071,23482,4656,0.2,18826,0.8,4098,0.17,4435,0.19,16036,0.68,1755,0.07,1256,0.05,3827,0.16,8814,6189,0.7,3310,0.38,23058,2794,0.12,5978,0.26,4615,867,0.19,1532,0.33,4086,266,0.07,1046,0.26
district,house,H072,23399,6219,0.27,17180,0.73,2589,0.11,11434,0.49,4929,0.21,5803,0.25,1233,0.05,4009,0.17,8366,3076,0.37,4124,0.53,23247,6210,0.27,11966,0.51,6164,2167,0.35,3843,0.62,2495,374,0.15,1026,0.41
district,house,H073,24872,7287,0.29,17585,0.71,3046,0.12,6904,0.28,11316,0.45,5070,0.2,1582,0.06,3519,0.14,8531,5002,0.59,3504,0.42,24654,4215,0.17,9839,0.4,7170,1833,0.26,4056,0.57,2961,212,0.07,1082,0.37
district,house,H074,22152,5052,0.23,17100,0.77,3143,0.14,5994,0.27,10203,0.46,4061,0.18,1894,0.09,3510,0.16,9045,3722,0.41,4218,0.49,21841,3229,0.15,8039,0.37,5009,1208,0.24,2864,0.57,2938,254,0.09,1078,0.37
district,house,H075,22428,5738,0.26,16690,0.74,2859,0.13,11628,0.52,5367,0.24,3821,0.17,1612,0.07,3842,0.17,8522,1802,0.21,4812,0.6,21671,8495,0.39,14845,0.69,5541,2824,0.51,4645,0.84,2576,763,0.3,1752,0.68
district,house,H076,24203,5268,0.22,18935,0.78,4190,0.17,610,0.03,22946,0.95,242,0.01,405,0.02,1161,0.05,9043,8039,0.89,2357,0.26,24127,1253,0.05,3001,0.12,5193,350,0.07,644,0.12,4190,155,0.04,568,0.14
district,house,H077,24189,5099,0.21,19090,0.79,4518,0.19,3540,0.15,18780,0.78,870,0.04,999,0.04,1769,0.07,9608,6687,0.7,2938,0.31,23781,2225,0.09,5239,0.22,5012,598,0.12,1374,0.27,4287,530,0.12,1238,0.29
district,house,H078,23506,4382,0.19,19124,0.81,3645,0.16,1619,0.07,20763,0.88,391,0.02,733,0.03,1178,0.05,9353,7408,0.79,2868,0.31,23392,1576,0.07,3663,0.16,4331,392,0.09,808,0.19,3587,215,0.06,687,0.19
district,house,H079,24395,5191,0.21,19204,0.79,3359,0.14,5498,0.23,15673,0.64,1786,0.07,1438,0.06,2809,0.12,10232,5279,0.52,3538,0.36,24157,3248,0.13,7845,0.32,5138,1010,0.2,2278,0.44,3203,258,0.08,985,0.31
district,house,H080,22858,4582,0.2,18276,0.8,4129,0.18,1236,0.05,20366,0.89,544,0.02,712,0.03,1955,0.09,8095,7088,0.88,1982,0.25,22524,992,0.04,2534,0.11,4560,131,0.03,549,0.12,4027,213,0.05,638,0.16
district,house,H081,22881,4268,0.19,18613,0.81,5377,0.23,1125,0.05,20601,0.9,384,0.02,771,0.03,1775,0.08,9502,7092,0.75,2697,0.29,22724,1073,0.05,3471,0.15,4224,237,0.06,716,0.17,5282,243,0.05,1221,0.23
district,house,H082,23631,3545,0.15,20086,0.85,4611,0.2,3562,0.15,17429,0.74,1734,0.07,906,0.04,1797,0.08,10451,7701,0.74,2870,0.28,23168,1142,0.05,3680,0.16,3532,264,0.07,742,0.21,4219,209,0.05,877,0.21
district,house,H083,25530,4791,0.19,20739,0.81,4687,0.18,3849,0.15,19325,0.76,1349,0.05,1007,0.04,2217,0.09,10256,7906,0.77,2870,0.29,25310,1879,0.07,4743,0.19,4769,488,0.1,1382,0.29,4511,174,0.04,848,0.19
district,house,H084,20468,4306,0.21,16162,0.79,2629,0.13,9203,0.45,8069,0.39,2719,0.13,477,0.02,1909,0.09,9325,3288,0.35,3076,0.35,20370,4331,0.21,8071,0.4,4278,1515,0.35,2592,0.61,2581,347,0.13,868,0.34
district,house,H085,22242,3485,0.16,18757,0.84,4479,0.2,1950,0.09,18276,0.82,377,0.02,1639,0.07,1922,0.09,9486,6400,0.67,2524,0.27,21671,1082,0.05,2691,0.12,3477,304,0.09,551,0.16,4131,167,0.04,750,0.18
district,house,H086,22899,4346,0.19,18553,0.81,4620,0.2,900,0.04,20894,0.91,406,0.02,699,0.03,1116,0.05,8585,7694,0.9,2658,0.32,22800,680,0.03,2028,0.09,4341,77,0.02,387,0.09,4545,253,0.06,711,0.16
district,house,H087,23786,4498,0.19,19288,0.81,5190,0.22,1229,0.05,20072,0.84,737,0.03,1748,0.07,1735,0.07,8785,7325,0.83,2640,0.31,23606,1029,0.04,3311,0.14,4455,153,0.03,538,0.12,5084,329,0.06,1214,0.24
district,house,H088,23151,2886,0.12,20265,0.88,3740,0.16,1652,0.07,17225,0.74,2371,0.1,1903,0.08,2380,0.1,8379,5462,0.65,2759,0.34,18277,1111,0.06,2777,0.15,2789,0,0,349,0.13,3462,278,0.08,772,0.22
district,house,H089,22713,4434,0.2,18279,0.8,4320,0.19,1064,0.05,19111,0.84,806,0.04,1732,0.08,2450,0.11,8151,7279,0.89,1860,0.23,22578,520,0.02,2353,0.1,4425,103,0.02,696,0.16,4202,69,0.02,453,0.11
district,house,H090,23085,4163,0.18,18922,0.82,4290,0.19,1340,0.06,19996,0.87,239,0.01,1510,0.07,1983,0.09,9175,7720,0.84,2068,0.23,23064,824,0.04,2307,0.1,4148,133,0.03,474,0.11,4290,165,0.04,618,0.14
district,house,H091,25349,4592,0.18,20757,0.82,4816,0.19,3263,0.13,14254,0.56,5621,0.22,2211,0.09,3863,0.15,10235,6454,0.63,3902,0.39,25205,2085,0.08,4837,0.19,4548,406,0.09,981,0.22,4770,335,0.07,976,0.2
district,house,H092,24933,5890,0.24,19043,0.76,2809,0.11,4980,0.2,7855,0.32,10518,0.42,1580,0.06,3232,0.13,9866,3246,0.33,4973,0.52,24568,5231,0.21,9853,0.4,5849,1333,0.23,2809,0.48,2573,481,0.19,847,0.33
district,house,H093,23926,4709,0.2,19217,0.8,2129,0.09,4196,0.18,6296,0.26,11317,0.47,2117,0.09,3035,0.13,8026,1718,0.21,4434,0.57,19344,6249,0.32,11412,0.59,4656,1778,0.38,3298,0.71,2101,335,0.16,911,0.43
district,house,H094,25013,6078,0.24,18935,0.76,2098,0.08,4002,0.16,6825,0.27,11568,0.46,2618,0.1,4166,0.17,8470,3720,0.44,3913,0.48,22383,4373,0.2,8643,0.39,6048,1745,0.29,3107,0.51,2098,204,0.1,616,0.29
district,house,H095,23830,7297,0.31,16533,0.69,1828,0.08,13922,0.58,3254,0.14,5953,0.25,701,0.03,4836,0.2,8110,1677,0.21,4652,0.59,23628,8658,0.37,14819,0.63,7208,3456,0.48,5466,0.76,1740,436,0.25,989,0.57
district,house,H096,25560,4023,0.16,21537,0.84,2451,0.1,4329,0.17,15364,0.6,2565,0.1,3302,0.13,5272,0.21,11314,3756,0.33,4861,0.45,24533,3681,0.15,7753,0.32,4003,626,0.16,1885,0.47,2416,116,0.05,438,0.18
district,house,H097,24585,5687,0.23,18898,0.77,3854,0.16,10397,0.42,7891,0.32,5516,0.22,781,0.03,3264,0.13,9940,4097,0.41,4897,0.51,24224,4693,0.19,9551,0.39,5490,1442,0.26,2843,0.52,3735,505,0.14,1479,0.4
district,house,H098,21961,4579,0.21,17382,0.79,5372,0.24,877,0.04,19702,0.9,199,0.01,1183,0.05,1504,0.07,8654,7312,0.84,2867,0.34,21786,884,0.04,2613,0.12,4579,141,0.03,496,0.11,5221,114,0.02,628,0.12
district,house,H099,23324,4357,0.19,18967,0.81,4483,0.19,3998,0.17,17482,0.75,530,0.02,1314,0.06,2246,0.1,9159,6070,0.66,3570,0.4,23065,2315,0.1,5521,0.24,4341,766,0.18,1575,0.36,4265,392,0.09,1088,0.26
district,house,H100,22567,4499,0.2,18068,0.8,3840,0.17,2422,0.11,15146,0.67,3467,0.15,1532,0.07,2364,0.1,9504,5186,0.55,3875,0.42,21903,3149,0.14,6263,0.29,4488,945,0.21,1705,0.38,3537,252,0.07,850,0.24
district,house,H101,23179,5431,0.23,17748,0.77,5179,0.22,443,0.02,21556,0.93,89,0,1091,0.05,1161,0.05,8682,7493,0.86,2606,0.31,22976,874,0.04,2035,0.09,5382,91,0.02,354,0.07,5078,328,0.06,868,0.17
district,house,H102,23699,3801,0.16,19898,0.84,5049,0.21,1409,0.06,20373,0.86,332,0.01,1585,0.07,2190,0.09,10464,7059,0.67,3748,0.37,23500,1508,0.06,4157,0.18,3789,411,0.11,1007,0.27,4880,329,0.07,988,0.2
district,house,H103,23157,4252,0.18,18905,0.82,4849,0.21,1028,0.04,19402,0.84,1304,0.06,1423,0.06,1645,0.07,7974,6378,0.8,1830,0.23,20324,487,0.02,1475,0.07,4073,74,0.02,170,0.04,4236,242,0.06,634,0.15
district,house,H104,24081,5480,0.23,18601,0.77,3461,0.14,6257,0.26,14078,0.58,2549,0.11,1197,0.05,3097,0.13,9557,5248,0.55,4410,0.48,24003,3893,0.16,8179,0.34,5429,1462,0.27,2589,0.48,3461,437,0.13,1193,0.34
district,house,H105,23901,5086,0.21,18815,0.79,3784,0.16,3088,0.13,19751,0.83,569,0.02,493,0.02,2038,0.09,9238,6876,0.74,3029,0.34,23566,1043,0.04,3602,0.15,5009,167,0.03,916,0.18,3555,155,0.04,653,0.18
district,house,H106,23516,5608,0.24,17908,0.76,3737,0.16,1763,0.07,20781,0.88,317,0.01,655,0.03,1766,0.08,8371,7302,0.87,2582,0.31,23137,748,0.03,1914,0.08,5575,135,0.02,357,0.06,3736,202,0.05,631,0.17
district,house,H107,25017,5672,0.23,19345,0.77,4280,0.17,2033,0.08,20311,0.81,519,0.02,2154,0.09,3555,0.14,8997,7501,0.83,3096,0.35,24769,1020,0.04,3131,0.13,5593,258,0.05,901,0.16,4117,213,0.05,577,0.14
district,house,H108,23777,4593,0.19,19184,0.81,3939,0.17,2149,0.09,19168,0.81,603,0.03,1857,0.08,2991,0.13,8441,7097,0.84,2639,0.32,22775,1369,0.06,3175,0.14,4474,450,0.1,874,0.2,3909,118,0.03,502,0.13
district,house,H109,25003,5392,0.22,19611,0.78,3486,0.14,7320,0.29,12577,0.5,1946,0.08,3160,0.13,7061,0.28,8362,5131,0.61,3525,0.43,24234,3058,0.13,5866,0.24,5310,909,0.17,1767,0.33,3312,350,0.11,702,0.21
district,house,H110,25192,5691,0.23,19501,0.77,2777,0.11,11794,0.47,9444,0.37,1535,0.06,2419,0.1,10499,0.42,9273,3501,0.38,4568,0.51,24922,4160,0.17,10205,0.41,5574,1420,0.25,3117,0.56,2650,342,0.13,1005,0.38
district,house,H111,23676,6558,0.28,17118,0.72,4206,0.18,1162,0.05,21136,0.89,244,0.01,1134,0.05,2538,0.11,8598,7209,0.84,2571,0.3,23552,464,0.02,1775,0.08,6558,46,0.01,413,0.06,4095,196,0.05,566,0.14
district,house,H112,22706,5714,0.25,16992,0.75,3582,0.16,1058,0.05,19807,0.87,277,0.01,1564,0.07,2149,0.09,7797,7125,0.91,2557,0.33,22546,748,0.03,2163,0.1,5689,157,0.03,419,0.07,3452,75,0.02,602,0.17
district,house,H113,23179,3940,0.17,19239,0.83,4173,0.18,2263,0.1,19356,0.84,285,0.01,1275,0.06,3369,0.15,9302,7302,0.78,2699,0.3,22953,1240,0.05,3231,0.14,3918,105,0.03,541,0.14,3976,187,0.05,610,0.15
district,house,H114,22530,4844,0.22,17686,0.78,4911,0.22,1375,0.06,17977,0.8,749,0.03,2429,0.11,3902,0.17,7960,6906,0.87,2492,0.32,22292,962,0.04,2456,0.11,4812,178,0.04,532,0.11,4730,273,0.06,585,0.12
district,house,H115,22428,4061,0.18,18367,0.82,3160,0.14,5186,0.23,12466,0.56,3405,0.15,1371,0.06,4184,0.19,8938,4243,0.47,3964,0.46,21756,2641,0.12,7294,0.34,4032,509,0.13,1843,0.46,3082,123,0.04,769,0.25
district,house,H116,22149,4806,0.22,17343,0.78,2255,0.1,6640,0.3,6831,0.31,6703,0.3,1975,0.09,5063,0.23,7080,3282,0.46,3361,0.48,19779,3770,0.19,7667,0.39,4751,1456,0.31,2467,0.52,2137,164,0.08,591,0.28
district,house,H117,24038,4335,0.18,19703,0.82,5009,0.21,2054,0.09,19159,0.8,982,0.04,1843,0.08,2255,0.09,9284,7491,0.81,3595,0.39,23729,1196,0.05,3886,0.16,4263,180,0.04,784,0.18,4792,302,0.06,1170,0.24
district,house,H118,23630,3987,0.17,19643,0.83,4358,0.18,1624,0.07,18885,0.8,1051,0.04,2070,0.09,3029,0.13,10199,6834,0.67,3827,0.38,23469,1578,0.07,3815,0.16,3928,397,0.1,869,0.22,4265,327,0.08,892,0.21
district,house,H119,24030,4921,0.2,19109,0.8,4248,0.18,1551,0.06,20400,0.85,245,0.01,1834,0.08,2394,0.1,8752,7425,0.85,2520,0.3,23905,902,0.04,2614,0.11,4908,164,0.03,513,0.1,4143,168,0.04,626,0.15
district,house,H120,23531,4503,0.19,19028,0.81,4386,0.19,2769,0.12,17612,0.75,2409,0.1,741,0.03,2879,0.12,8873,7923,0.89,3317,0.38,23375,1307,0.06,3835,0.16,4404,271,0.06,865,0.2,4330,306,0.07,1022,0.24
district,house,H121,23516,4880,0.21,18636,0.79,3632,0.15,5357,0.23,11170,0.47,5729,0.24,1260,0.05,3978,0.17,8985,6025,0.67,3925,0.45,23483,2927,0.12,6085,0.26,4847,1056,0.22,1891,0.39,3632,394,0.11,951,0.26
district,house,H122,25292,4651,0.18,20641,0.82,6716,0.27,1642,0.06,21700,0.86,522,0.02,1428,0.06,2962,0.12,9930,8490,0.85,3619,0.37,24683,853,0.03,2376,0.1,4508,111,0.02,236,0.05,6287,247,0.04,1255,0.2
district,house,H123,24140,6045,0.25,18095,0.75,4403,0.18,2417,0.1,18486,0.77,878,0.04,2359,0.1,3405,0.14,8301,7124,0.86,2974,0.36,23921,400,0.02,2153,0.09,5967,78,0.01,548,0.09,4286,88,0.02,529,0.12
district,house,H124,25292,6564,0.26,18728,0.74,3044,0.12,11564,0.46,2191,0.09,10136,0.4,1401,0.06,6563,0.26,8915,3305,0.37,4898,0.56,24576,5042,0.21,12716,0.52,6464,1766,0.27,4351,0.67,2714,515,0.19,1361,0.5
district,house,H125,23751,6807,0.29,16944,0.71,3907,0.16,1089,0.05,20372,0.86,407,0.02,1883,0.08,3252,0.14,8263,6412,0.78,2773,0.34,23497,708,0.03,1816,0.08,6807,103,0.02,415,0.06,3715,76,0.02,415,0.11
district,house,H126,24848,5832,0.23,19016,0.77,2817,0.11,8925,0.36,4174,0.17,9870,0.4,1879,0.08,6932,0.28,8171,5537,0.68,3836,0.48,24723,3292,0.13,8109,0.33,5712,911,0.16,2527,0.44,2817,257,0.09,725,0.26
district,house,H127,24506,4564,0.19,19942,0.81,3593,0.15,6427,0.26,10470,0.43,6027,0.25,1582,0.06,8391,0.34,8535,5430,0.64,3888,0.47,22957,2779,0.12,5966,0.26,4387,706,0.16,1584,0.36,3411,238,0.07,829,0.24
district,house,H128,23908,6961,0.29,16947,0.71,1352,0.06,12272,0.51,2346,0.1,8251,0.35,1039,0.04,7886,0.33,7629,1510,0.2,4789,0.64,23729,7795,0.33,14900,0.63,6859,3221,0.47,5426,0.79,1352,215,0.16,625,0.46
district,house,H129,24214,4982,0.21,19232,0.79,2552,0.11,8294,0.34,7869,0.32,6051,0.25,2000,0.08,7368,0.3,9215,3507,0.38,4334,0.49,23372,4751,0.2,9488,0.41,4966,1650,0.33,3132,0.63,2544,267,0.1,754,0.3
district,house,H130,23649,5560,0.24,18089,0.76,2280,0.1,11052,0.47,2680,0.11,7779,0.33,2138,0.09,6627,0.28,8082,1825,0.23,4355,0.56,22428,6657,0.3,13200,0.59,5495,2045,0.37,3899,0.71,2220,566,0.25,1429,0.64
district,house,H131,24041,5695,0.24,18346,0.76,4177,0.17,1587,0.07,20181,0.84,1168,0.05,1105,0.05,1922,0.08,8504,6499,0.76,2408,0.29,23706,1136,0.05,4281,0.18,5610,361,0.06,1168,0.21,3986,107,0.03,598,0.15
district,house,H132,24254,6040,0.25,18214,0.75,4111,0.17,911,0.04,21670,0.89,273,0.01,1400,0.06,2177,0.09,8697,7365,0.85,2920,0.34,23798,1107,0.05,2395,0.1,6028,71,0.01,317,0.05,3874,221,0.06,590,0.15
district,house,H133,24062,5105,0.21,18957,0.79,3073,0.13,2325,0.1,18663,0.78,664,0.03,2410,0.1,3991,0.17,7996,6118,0.77,2841,0.36,21620,1424,0.07,3170,0.15,5023,308,0.06,642,0.13,3073,135,0.04,402,0.13
district,house,H134,23232,5188,0.22,18044,0.78,4708,0.2,1141,0.05,20456,0.88,764,0.03,871,0.04,2020,0.09,7373,6755,0.92,2180,0.3,21404,548,0.03,1870,0.09,5111,90,0.02,386,0.08,4134,85,0.02,350,0.08
district,house,H135,23794,6040,0.25,17754,0.75,4252,0.18,1243,0.05,21100,0.89,166,0.01,1285,0.05,2460,0.1,8586,7694,0.9,3144,0.37,23641,774,0.03,2079,0.09,5992,105,0.02,322,0.05,4159,224,0.05,506,0.12
district,house,H136,25350,6969,0.27,18381,0.73,4116,0.16,1043,0.04,21842,0.86,127,0.01,2338,0.09,3266,0.13,8994,7658,0.85,2784,0.32,25156,1227,0.05,2422,0.1,6937,226,0.03,533,0.08,4016,173,0.04,391,0.1
district,house,H137,24545,4496,0.18,20049,0.82,3850,0.16,6344,0.26,13063,0.53,3199,0.13,1939,0.08,7201,0.29,10165,4768,0.47,4348,0.44,24227,2505,0.1,6310,0.26,4412,509,0.12,1614,0.37,3651,544,0.15,1173,0.32
district,house,H138,25428,5510,0.22,19918,0.78,3528,0.14,4254,0.17,16502,0.65,2206,0.09,2466,0.1,5027,0.2,8848,6588,0.74,2764,0.32,24079,1139,0.05,4158,0.17,5367,312,0.06,1488,0.28,3378,146,0.04,387,0.11
district,house,H139,23100,4643,0.2,18457,0.8,4022,0.17,1358,0.06,17302,0.75,1730,0.07,2710,0.12,2451,0.11,9204,6147,0.67,3043,0.34,22898,2765,0.12,6130,0.27,4565,660,0.14,1559,0.34,3915,455,0.12,1068,0.27
district,house,H140,24029,5628,0.23,18401,0.77,2231,0.09,11907,0.5,5119,0.21,5738,0.24,1265,0.05,9673,0.4,8471,3218,0.38,4091,0.5,23913,3586,0.15,10187,0.43,5512,1334,0.24,3617,0.66,2231,356,0.16,653,0.29
district,house,H141,25227,7568,0.3,17659,0.7,3483,0.14,1612,0.06,21010,0.83,760,0.03,1845,0.07,3396,0.13,8309,6863,0.83,3052,0.37,25205,956,0.04,2350,0.09,7546,183,0.02,470,0.06,3483,140,0.04,519,0.15
district,house,H142,25565,5410,0.21,20155,0.79,4451,0.17,3481,0.14,18447,0.72,1585,0.06,2052,0.08,5260,0.21,9709,7905,0.81,3493,0.36,25429,1445,0.06,2843,0.11,5399,470,0.09,792,0.15,4340,288,0.07,633,0.15
district,house,H143,24972,6021,0.24,18951,0.76,4209,0.17,2647,0.11,19480,0.78,863,0.03,1982,0.08,3914,0.16,8851,7115,0.8,3231,0.37,24925,1137,0.05,2961,0.12,6004,367,0.06,816,0.14,4209,205,0.05,530,0.13
district,house,H144,23714,4967,0.21,18747,0.79,3734,0.16,2743,0.12,16536,0.7,1760,0.07,2675,0.11,5987,0.25,8739,6943,0.79,2952,0.34,23541,808,0.03,2318,0.1,4948,203,0.04,582,0.12,3633,140,0.04,577,0.16
district,house,H145,24300,5844,0.24,18456,0.76,3465,0.14,10230,0.42,5643,0.23,7040,0.29,1387,0.06,10390,0.43,9019,2846,0.32,5056,0.58,24186,4799,0.2,10940,0.45,5771,1334,0.23,3276,0.57,3424,847,0.25,1509,0.44
district,house,H146,27884,4032,0.14,23852,0.86,3024,0.11,6038,0.22,13875,0.5,2915,0.1,5056,0.18,10710,0.38,12920,3276,0.25,5238,0.42,27815,2892,0.1,6923,0.25,3971,505,0.13,1503,0.38,3024,483,0.16,1200,0.4
district,house,H147,23586,5966,0.25,17620,0.75,3641,0.15,3379,0.14,16709,0.71,1087,0.05,2411,0.1,5351,0.23,8226,6955,0.85,2926,0.36,23415,729,0.03,2464,0.11,5929,77,0.01,746,0.13,3531,252,0.07,371,0.11
district,house,H148,24958,5347,0.21,19611,0.79,3445,0.14,10883,0.44,8802,0.35,3358,0.13,1915,0.08,10664,0.43,8876,4622,0.52,4574,0.53,24677,2518,0.1,7754,0.31,5347,683,0.13,2300,0.43,3208,280,0.09,903,0.28
district,house,H149,22918,4928,0.22,17990,0.78,4610,0.2,1448,0.06,18943,0.83,876,0.04,1651,0.07,3697,0.16,7848,6375,0.81,2304,0.31,22563,1109,0.05,1821,0.08,4854,246,0.05,430,0.09,4379,141,0.03,364,0.08
district,house,H150,24326,6035,0.25,18291,0.75,3626,0.15,5287,0.22,15737,0.65,1020,0.04,2282,0.09,7023,0.29,9174,4717,0.51,3599,0.4,24303,1689,0.07,4991,0.21,6020,425,0.07,1361,0.23,3621,263,0.07,625,0.17
district,house,H151,23325,6637,0.28,16688,0.72,3804,0.16,2578,0.11,17498,0.75,286,0.01,2963,0.13,5574,0.24,7986,6066,0.76,2382,0.31,23118,1333,0.06,2419,0.1,6602,418,0.06,645,0.1,3646,138,0.04,457,0.13
district,senate,S001,95887,22961,0.24,72926,0.76,11669,0.12,46328,0.48,27778,0.29,15732,0.16,6049,0.06,18892,0.2,35372,13177,0.37,16446,0.48,93166,23195,0.25,44242,0.47,22716,7700,0.34,14238,0.63,11339,2320,0.2,4987,0.44
district,senate,S002,94945,18901,0.2,76044,0.8,15267,0.16,14761,0.16,23921,0.25,50370,0.53,5893,0.06,20724,0.22,36886,18172,0.49,15585,0.44,90326,15883,0.18,32062,0.35,18691,4749,0.25,9287,0.5,14637,1798,0.12,4640,0.32
district,senate,S003,100261,21544,0.21,78717,0.79,15040,0.15,21251,0.21,56840,0.57,13654,0.14,8516,0.08,17152,0.17,39528,26260,0.66,13828,0.36,99364,9551,0.1,23106,0.23,21106,2760,0.13,6300,0.3,14674,1484,0.1,3527,0.24
district,senate,S004,100684,21730,0.22,78954,0.78,15736,0.16,9938,0.1,69143,0.69,8807,0.09,12796,0.13,14354,0.14,40542,27096,0.67,12032,0.3,99676,7086,0.07,17663,0.18,21440,1741,0.08,4847,0.23,15119,847,0.06,2600,0.17
district,senate,S005,97598,21309,0.22,76289,0.78,17738,0.18,8318,0.09,74950,0.77,4510,0.05,9820,0.1,16112,0.17,38313,28135,0.73,11009,0.29,95751,6496,0.07,14734,0.15,21102,1728,0.08,3837,0.18,16993,1186,0.07,3170,0.19
district,senate,S006,96657,21488,0.22,75169,0.78,14622,0.15,31334,0.32,51434,0.53,8716,0.09,5173,0.05,17189,0.18,37981,19782,0.52,14392,0.4,93965,16444,0.18,33585,0.36,21323,5708,0.27,11270,0.53,14067,1447,0.1,4100,0.29
district,senate,S007,102085,19735,0.19,82350,0.81,17313,0.17,7289,0.07,82673,0.81,6553,0.06,5570,0.05,6534,0.06,37294,29974,0.8,9917,0.27,94342,5477,0.06,14620,0.15,19466,1466,0.08,3717,0.19,16542,632,0.04,2640,0.16
district,senate,S008,96414,21497,0.22,74917,0.78,17737,0.18,5999,0.06,82683,0.86,1749,0.02,5983,0.06,9363,0.1,37458,29661,0.79,10868,0.3,95272,5159,0.05,13979,0.15,21244,1100,0.05,3190,0.15,17046,837,0.05,3271,0.19
district,senate,S009,102356,18729,0.18,83627,0.82,18602,0.18,8602,0.08,74375,0.73,8266,0.08,11113,0.11,16575,0.16,42166,27472,0.65,13051,0.32,97663,6812,0.07,17255,0.18,18639,1616,0.09,3943,0.21,17703,1234,0.07,4235,0.24
district,senate,S010,96227,22096,0.23,74131,0.77,9210,0.1,23579,0.25,26866,0.28,37967,0.39,7815,0.08,16890,0.18,34132,10576,0.31,17716,0.54,87949,22804,0.26,42492,0.48,21880,7275,0.33,13564,0.62,8828,1250,0.14,3022,0.34
district,senate,S011,97374,18110,0.19,79264,0.81,13491,0.14,26392,0.27,48188,0.49,14735,0.15,8059,0.08,15127,0.16,38465,15835,0.41,16979,0.46,89043,15813,0.18,30853,0.35,17703,4323,0.24,8383,0.47,12925,1509,0.12,4074,0.32
district,senate,S012,94659,18857,0.2,75802,0.8,20924,0.22,3566,0.04,85422,0.9,1050,0.01,4621,0.05,6210,0.07,37401,30471,0.81,12181,0.33,94014,4112,0.04,11199,0.12,18772,743,0.04,2294,0.12,20462,1014,0.05,3253,0.16
district,senate,S013,96698,17773,0.18,78925,0.82,17183,0.18,17971,0.19,66163,0.68,7437,0.08,5127,0.05,8921,0.09,40753,27010,0.66,11283,0.29,95393,8555,0.09,19527,0.2,17686,2407,0.14,5280,0.3,16112,922,0.06,3209,0.2
district,senate,S014,95820,18162,0.19,77658,0.81,17951,0.19,9105,0.1,75034,0.78,4123,0.04,7558,0.08,11182,0.12,37472,28150,0.75,13340,0.36,95114,5123,0.05,15530,0.16,17989,1026,0.06,3416,0.19,17458,915,0.05,3478,0.2
district,senate,S015,101394,25426,0.25,75968,0.75,13271,0.13,34859,0.34,42966,0.42,17027,0.17,6542,0.06,17005,0.17,37227,17469,0.47,16948,0.48,99871,22265,0.22,45261,0.45,25032,7797,0.31,14928,0.6,12809,1711,0.13,5219,0.41
district,senate,S016,101931,21388,0.21,80543,0.79,18396,0.18,10988,0.11,79162,0.78,7072,0.07,4709,0.05,9650,0.09,38091,27860,0.73,11485,0.31,98724,6575,0.07,17335,0.18,21038,1969,0.09,5011,0.24,17851,905,0.05,3638,0.2
district,senate,S017,99571,21725,0.22,77846,0.78,15589,0.16,14966,0.15,62134,0.62,15890,0.16,6581,0.07,13498,0.14,37096,25277,0.68,13632,0.38,98298,9171,0.09,21072,0.21,21554,3072,0.14,6186,0.29,15119,1066,0.07,3063,0.2
district,senate,S018,100577,20330,0.2,80247,0.8,17218,0.17,7498,0.07,82086,0.82,3627,0.04,7366,0.07,6157,0.06,40362,26267,0.65,13343,0.34,96708,8590,0.09,22460,0.23,20016,2954,0.15,6789,0.34,16603,931,0.06,3577,0.22
district,senate,S019,99001,20451,0.21,78550,0.79,16054,0.16,8574,0.09,75358,0.76,5301,0.05,9768,0.1,8928,0.09,38493,27447,0.71,11102,0.29,96848,7940,0.08,20423,0.21,20216,2127,0.11,5625,0.28,15659,1050,0.07,3689,0.24
district,senate,S020,94777,17320,0.18,77457,0.82,18035,0.19,13021,0.14,70266,0.74,5490,0.06,6000,0.06,8836,0.09,38321,26162,0.68,12818,0.34,88604,10751,0.12,21105,0.24,17113,3234,0.19,5925,0.35,17349,1091,0.06,3126,0.18
district,senate,S021,100701,19523,0.19,81178,0.81,19922,0.2,10421,0.1,79627,0.79,5246,0.05,5407,0.05,13451,0.13,38853,32418,0.83,13789,0.36,99667,5468,0.05,14151,0.14,19213,1055,0.05,2678,0.14,19240,1028,0.05,4060,0.21
district,senate,S022,99795,21786,0.22,78009,0.78,15299,0.15,21668,0.22,53167,0.53,17008,0.17,7952,0.08,22719,0.23,35122,23962,0.68,14209,0.42,97854,9702,0.1,21530,0.22,21381,2936,0.14,6305,0.29,15000,810,0.05,2828,0.19
district,senate,S023,98122,24979,0.25,73143,0.75,9265,0.09,42953,0.44,12769,0.13,36603,0.37,5797,0.06,27382,0.28,33267,11770,0.35,18372,0.57,95130,22925,0.24,49440,0.52,24667,8152,0.33,16595,0.67,8867,1581,0.18,4079,0.46
district,senate,S024,107383,22436,0.21,84947,0.79,15641,0.15,27039,0.25,62707,0.58,7037,0.07,10600,0.1,27741,0.26,37884,24829,0.66,14362,0.39,103838,10196,0.1,24625,0.24,21989,3293,0.15,7698,0.35,14997,1065,0.07,2863,0.19
district,senate,S025,103102,22948,0.22,80154,0.78,14894,0.14,25346,0.25,58578,0.57,12006,0.12,7172,0.07,26992,0.26,38529,23998,0.62,15827,0.42,102510,8949,0.09,23038,0.22,22715,2613,0.12,6836,0.3,14584,1437,0.1,3162,0.22
district,senate,S026,108473,29721,0.27,78752,0.73,17137,0.16,5545,0.05,93451,0.86,1240,0.01,8237,0.08,13365,0.12,38534,31432,0.82,12614,0.33,107418,3679,0.03,10278,0.1,29324,691,0.02,2412,0.08,16652,758,0.05,2083,0.13
district,senate,S027,109686,23296,0.21,86390,0.79,14348,0.13,30915,0.28,52668,0.48,14219,0.13,11884,0.11,38840,0.35,42416,20255,0.48,19117,0.46,109170,10917,0.1,29010,0.27,23108,2621,0.11,8148,0.35,14111,1870,0.13,4285,0.3
district,senate,S028,104689,24958,0.24,79731,0.76,17096,0.16,6073,0.06,91124,0.87,1600,0.02,5892,0.06,10879,0.1,35954,31042,0.86,11780,0.33,99476,4108,0.04,9870,0.1,24761,642,0.03,1795,0.07,16154,668,0.04,1983,0.12
district,senate,S029,101508,17470,0.17,84038,0.83,13653,0.13,12867,0.13,79312,0.78,2779,0.03,6550,0.06,7468,0.07,33979,21520,0.63,12486,0.38,83948,11884,0.14,24876,0.3,16965,2747,0.16,6260,0.37,12780,938,0.07,3071,0.24
district,senate,S030,94250,17930,0.19,76320,0.81,19031,0.2,5970,0.06,82817,0.88,1250,0.01,4213,0.04,8552,0.09,37894,29160,0.77,12574,0.34,93063,6748,0.07,16259,0.17,17520,1269,0.07,3118,0.18,18523,968,0.05,3481,0.19
district,senate,S031,101094,19903,0.2,81191,0.8,16818,0.17,12735,0.13,80865,0.8,3387,0.03,4107,0.04,7941,0.08,41411,28545,0.69,13109,0.32,100135,9037,0.09,22141,0.22,19636,2552,0.13,5747,0.29,16347,1253,0.08,3951,0.24
district,senate,S032,93438,18781,0.2,74657,0.8,19922,0.21,5777,0.06,82906,0.89,1698,0.02,3057,0.03,7403,0.08,36291,29677,0.82,11455,0.33,92648,4459,0.05,13191,0.14,18522,867,0.05,2802,0.15,19503,1340,0.07,3895,0.2
district,senate,S033,99614,19146,0.19,80468,0.81,20110,0.2,4159,0.04,90922,0.91,1164,0.01,3369,0.03,5631,0.06,40462,32690,0.81,12446,0.31,98590,5577,0.06,15469,0.16,18941,1324,0.07,3515,0.19,19471,837,0.04,3301,0.17
district,senate,S034,95791,16668,0.17,79123,0.83,19748,0.21,8898,0.09,79704,0.83,2009,0.02,5180,0.05,7915,0.08,37838,28487,0.75,11458,0.31,94303,5404,0.06,14488,0.15,16587,1403,0.08,3417,0.21,18655,1099,0.06,3802,0.2
district,senate,S035,100586,19568,0.19,81018,0.81,16300,0.16,5122,0.05,87862,0.87,2193,0.02,5409,0.05,6044,0.06,40715,29768,0.73,11581,0.29,99598,6273,0.06,17903,0.18,19285,1093,0.06,3884,0.2,15763,831,0.05,2811,0.18
district,senate,S036,98356,23980,0.24,74376,0.76,17350,0.18,11964,0.12,72775,0.74,4302,0.04,9315,0.09,22024,0.22,34872,25328,0.73,11437,0.34,97462,5321,0.05,11500,0.12,23854,1344,0.06,2917,0.12,16693,761,0.05,1980,0.12
